"ident","source","translate","context","source","source"
"ident1","source1","","context","source1","source1"
"ident2","source2","","context","source2","source2"
"ident3","source3","","context","source3","source3"
"ident4","source4","","context","source4","source4"
"ident5","source5","","context","source5","source5"
"ident6","source6","","context","source6","source6"
"ident7","source7","","context","source7","source7"
"ident8","source8","","context","source8","source8"
"ident9","source9","","context","source9","source9"
"ident10","source10","","context","source10","source10"
"ident11","source11","","context","source11","source11"
"ident12","source12","","context","source12","source12"
"ident13","source13","","context","source13","source13"
"ident14","source14","","context","source14","source14"
"ident15","source15","","context","source15","source15"
"ident16","source16","","context","source16","source16"
"ident17","source17","","context","source17","source17"
"ident18","source18","","context","source18","source18"
"ident19","source19","","context","source19","source19"
"ident20","source20","","context","source20","source20"
